{
  "baselines": {
    "AUS": {
      "sstran": 5.82842779419297,
      "KOFGI": 79.49404907226562,
      "KOFEcGI": 67.5986099243164,
      "KOFSoGI": 84.17971801757812,
      "KOFPoGI": 86.88591003417969
    },
    "AUT": {
      "sstran": 18.5220649499225,
      "KOFGI": 86.77849578857422,
      "KOFEcGI": 83.08207702636719,
      "KOFSoGI": 84.05655670166016,
      "KOFPoGI": 93.19683074951172
    },
    "BEL": {
      "sstran": 17.2139114429386,
      "KOFGI": 88.54667663574219,
      "KOFEcGI": 88.3343734741211,
      "KOFSoGI": 82.19198608398438,
      "KOFPoGI": 94.85160064697266
    },
    "BGR": {
      "sstran": 12.4,
      "KOFGI": 77.58260345458984,
      "KOFEcGI": 74.23786163330078,
      "KOFSoGI": 74.3281478881836,
      "KOFPoGI": 84.1817626953125
    },
    "CAN": {
      "sstran": 10.2261905167683,
      "KOFGI": 82.11478424072266,
      "KOFEcGI": 73.29621887207031,
      "KOFSoGI": 83.47883605957031,
      "KOFPoGI": 89.62230682373047
    },
    "CHE": {
      "sstran": 9.72034756374155,
      "KOFGI": 88.68790435791016,
      "KOFEcGI": 87.0025863647461,
      "KOFSoGI": 85.2055892944336,
      "KOFPoGI": 93.85549926757812
    },
    "CZE": {
      "sstran": 13.5935970833211,
      "KOFGI": 81.86151123046875,
      "KOFEcGI": 80.6975326538086,
      "KOFSoGI": 77.69271850585938,
      "KOFPoGI": 87.19422149658203
    },
    "DEU": {
      "sstran": 15.6967662553308,
      "KOFGI": 86.39656066894531,
      "KOFEcGI": 82.47241973876953,
      "KOFSoGI": 80.52877807617188,
      "KOFPoGI": 96.18842315673828
    },
    "DNK": {
      "sstran": 14.2552849248334,
      "KOFGI": 85.3354721069336,
      "KOFEcGI": 84.93083953857422,
      "KOFSoGI": 81.4260025024414,
      "KOFPoGI": 89.6495590209961
    },
    "ESP": {
      "sstran": 16.8145207578601,
      "KOFGI": 83.56816101074219,
      "KOFEcGI": 78.48624420166016,
      "KOFSoGI": 77.13092041015625,
      "KOFPoGI": 95.08728790283203
    },
    "EST": {
      "sstran": 12.4759816178886,
      "KOFGI": 80.63981628417969,
      "KOFEcGI": 86.03221130371094,
      "KOFSoGI": 81.9743423461914,
      "KOFPoGI": 73.9128189086914
    },
    "FIN": {
      "sstran": 18.2198025742908,
      "KOFGI": 85.16432189941406,
      "KOFEcGI": 83.6115951538086,
      "KOFSoGI": 80.6955337524414,
      "KOFPoGI": 91.01216888427734
    },
    "FRA": {
      "sstran": 18.817606490464,
      "KOFGI": 85.22577667236328,
      "KOFEcGI": 80.8606948852539,
      "KOFSoGI": 78.54743194580078,
      "KOFPoGI": 96.26913452148438
    },
    "GBR": {
      "sstran": 13.1073631372087,
      "KOFGI": 87.45257568359375,
      "KOFEcGI": 81.23995971679688,
      "KOFSoGI": 84.37986755371094,
      "KOFPoGI": 96.73787689208984
    },
    "GRC": {
      "sstran": 17.2249269728189,
      "KOFGI": 83.13732147216797,
      "KOFEcGI": 77.58759307861328,
      "KOFSoGI": 82.29653930664062,
      "KOFPoGI": 89.4950942993164
    },
    "HUN": {
      "sstran": 10.7952519354487,
      "KOFGI": 82.01068878173828,
      "KOFEcGI": 81.965087890625,
      "KOFSoGI": 75.36267852783203,
      "KOFPoGI": 88.70426177978516
    },
    "IRL": {
      "sstran": 5.7724866618365,
      "KOFGI": 82.8726806640625,
      "KOFEcGI": 84.94100189208984,
      "KOFSoGI": 83.652587890625,
      "KOFPoGI": 80.05480194091797
    },
    "ISL": {
      "sstran": 6.79651600333708,
      "KOFGI": 71.0912857055664,
      "KOFEcGI": 70.72734069824219,
      "KOFSoGI": 84.27933502197266,
      "KOFPoGI": 58.26716232299805
    },
    "ITA": {
      "sstran": 19.9476372524943,
      "KOFGI": 81.86811065673828,
      "KOFEcGI": 73.63457489013672,
      "KOFSoGI": 76.04550170898438,
      "KOFPoGI": 95.92424011230469
    },
    "JPN": {
      "sstran": 11.8401790805229,
      "KOFGI": 74.00981140136719,
      "KOFEcGI": 68.54325866699219,
      "KOFSoGI": 75.12281036376953,
      "KOFPoGI": 78.36336517333984
    },
    "LTU": {
      "sstran": 12.4,
      "KOFGI": 78.97311401367188,
      "KOFEcGI": 80.72200775146484,
      "KOFSoGI": 79.40022277832031,
      "KOFPoGI": 76.79708862304688
    },
    "LUX": {
      "sstran": 16.5747858437656,
      "KOFGI": 84.7935791015625,
      "KOFEcGI": 86.60584259033203,
      "KOFSoGI": 90.44049072265625,
      "KOFPoGI": 77.7263412475586
    },
    "LVA": {
      "sstran": 12.1,
      "KOFGI": 75.74237060546875,
      "KOFEcGI": 81.9543685913086,
      "KOFSoGI": 78.87066650390625,
      "KOFPoGI": 66.40206146240234
    },
    "NLD": {
      "sstran": 10.297780346366,
      "KOFGI": 88.89884185791016,
      "KOFEcGI": 89.7968978881836,
      "KOFSoGI": 82.59593963623047,
      "KOFPoGI": 94.05821228027344
    },
    "NOR": {
      "sstran": 13.1353750121916,
      "KOFGI": 83.8358154296875,
      "KOFEcGI": 79.88846588134766,
      "KOFSoGI": 84.8183364868164,
      "KOFPoGI": 86.80062866210938
    },
    "POL": {
      "sstran": 15.6618483600413,
      "KOFGI": 77.70082092285156,
      "KOFEcGI": 72.80735778808594,
      "KOFSoGI": 69.90345001220703,
      "KOFPoGI": 90.39163208007812
    },
    "PRT": {
      "sstran": 15.7893694384456,
      "KOFGI": 82.97767639160156,
      "KOFEcGI": 81.06754302978516,
      "KOFSoGI": 76.63593292236328,
      "KOFPoGI": 91.22953796386719
    },
    "SVK": {
      "sstran": 16.3765719746551,
      "KOFGI": 80.16569519042969,
      "KOFEcGI": 78.99359893798828,
      "KOFSoGI": 78.65697479248047,
      "KOFPoGI": 82.7659912109375
    },
    "SVN": {
      "sstran": 15.1953583922205,
      "KOFGI": 79.4927978515625,
      "KOFEcGI": 78.01712799072266,
      "KOFSoGI": 81.35664367675781,
      "KOFPoGI": 79.10458374023438
    },
    "SWE": {
      "sstran": 11.4565334384001,
      "KOFGI": 86.87359619140625,
      "KOFEcGI": 84.43862915039062,
      "KOFSoGI": 81.6396484375,
      "KOFPoGI": 94.5424575805664
    },
    "USA": {
      "sstran": 15.0733567745327,
      "KOFGI": 79.35602569580078,
      "KOFEcGI": 66.65799713134766,
      "KOFSoGI": 80.44979858398438,
      "KOFPoGI": 90.96025848388672
    }
  },
  "coefficients": {
    "KOFGI": {
      "coef": 0.0882,
      "se": 0.03241
    },
    "KOFEcGI": {
      "coef": -0.01995,
      "se": 0.02042
    },
    "KOFSoGI": {
      "coef": 0.12878,
      "se": 0.02926
    },
    "KOFPoGI": {
      "coef": 0.04582,
      "se": 0.01799
    }
  },
  "indices": [
    "KOFGI",
    "KOFEcGI",
    "KOFSoGI",
    "KOFPoGI"
  ]
}